model,best_C,val_score,test_score,f1_macro
LOGISTIC,2,0.7391304347826086,0.6989247311827957,0.6885167464114832
