model,best_C,val_score,test_score,f1_macro
SVM,1,0.7663043478260869,0.6989247311827957,0.6858108108108107
