model,best_C,val_score,test_score,f1_macro
SVM,2,0.7445652173913043,0.7204301075268817,0.702216748768473
